customer_id,full_name,city,registration_date,membership_level
C001,Sevinc Huseynov,Mingachevir,2024-08-26,Bronze
C002,Nigar Karimov,Baku,2023-01-19,Bronze
C003,Ramin Rzayev,Baku,2021-06-26,Platinum
C004,Aytac Mammadov,  baku  ,2021-07-05,Platinum
C005,Rauf Bagirov,Baku,2022-04-03,Bronze
C006,Javid Bagirov,Mingachevir,2021-04-12,Silver
C007,Rauf Karimov,Sheki,2021-09-30,Gold
C008,Aytac Huseynov,Lankaran,2021-08-30,Gold
C009,Ulviyya Safarov,BAKU,2021-07-31,Silver
C010,Orkhan Mammadov,Lankaran,2021-05-09,Bronze
C011,Melek Rzayev,Mingachevir,2024-10-25,Platinum
C012,Asif Quliyev,Mingachevir,2024-04-14,Platinum
C013,Orkhan Ismayilov,,2022-01-04,Silver
C014,Nigar Bagirov,Sumgait,2023-12-12,Platinum
C015,Sevinc Jafarov,Mingachevir,2022-08-13,Bronze
C016,Tural Karimov,Mingachevir,2021-12-04,Gold
C017,Samira Nasibov,Mingachevir,2021-03-22,
C018,Asif Karimov,Lankaran,2022-10-05,Gold
C019,Ilkin Quliyev,Lankaran,2023-10-15,Platinum
C020,Nigar Mammadov,Sumgait,2023-08-29,Bronze
C021,Rauf Jafarov,,2022-09-27,Platinum
C022,Vusal Jafarov,Mingachevir,2024-10-01,Gold
C023,Aysel Nasibov,Sumgait,2021-12-11,Bronze
C024,Shahla Aliyev,Ganja,2022-08-12,Silver
C025,Turkan Rzayev,Mingachevir,2023-03-12,Platinum
C003,Ramin Rzayev,Baku,2021-06-26,Platinum
C011,Melek Rzayev,Mingachevir,2024-10-25,Platinum
