order_id,customer_id,product_id,quantity,order_date,status
O0001,C003,P003,8,2024-07-24,Delivered
O0002,C005,P014,7,2024-10-08,Delivered
O0003,C014,P006,7,2024-04-28,Delivered
O0004,C006,P003,4,2024-04-29,Delivered
O0005,C019,P003,5,2024-05-24,Delivered
O0006,C014,P009,6,2024-11-08,Shipped
O0007,C005,P012,1,2024-08-21,Cancelled
O0008,C025,P014,7,2024-07-22,Delivered
O0009,C004,P008,7,2024-02-01,Delivered
O0010,C007,P008,3,2024-02-26,Delivered
O0011,C002,P002,1,2024-10-17,Delivered
O0012,C004,P006,1,2024-02-06,Cancelled
O0013,C020,P007,3,2024-11-20,Delivered
O0014,C012,P010,-2,2024-08-30,Delivered
O0015,C016,P008,8,2024-09-04,Delivered
O0016,C005,P002,6,2024-05-15,Delivered
O0017,C023,P003,1,2024-04-15,Returned
O0018,C017,P006,3,2024-10-05,Cancelled
O0019,C025,P009,5,2024-11-25,Cancelled
O0020,C023,P014,5,2024-09-22,Delivered
O0021,C006,P006,4,2024-09-29,Delivered
O0022,C017,P006,,2024-11-09,Processing
O0023,C025,P014,4,2024-05-02,Processing
O0024,C024,P013,4,2024-04-12,Delivered
O0025,C012,P012,1,2024-01-15,Processing
O0026,C016,P005,4,2024-11-05,Returned
O0027,C015,P013,6,2024-07-05,Delivered
O0028,C004,P004,8,2024-04-10,Delivered
O0029,C016,P010,1,2024-09-02,Cancelled
O0030,C999,P013,2,2024-03-02,Cancelled
O0031,C023,P013,4,2024-09-01,Cancelled
O0032,C014,P013,6,2024-02-14,Processing
O0033,C024,P007,8,2024-07-24,Processing
O0034,C003,P012,3,2024-03-28,Returned
O0035,C001,P003,8,2024-03-15,Shipped
O0036,C020,P008,6,2024-03-20,Delivered
O0037,C005,P001,1,2024-02-22,Delivered
O0038,C005,P007,-2,2024-04-18,Delivered
O0039,C007,P005,4,2024-10-27,Delivered
O0040,C018,P007,3,2024-02-01,Cancelled
O0041,C012,P015,8,2024-10-25,Processing
O0042,C017,P007,3,2024-09-29,Delivered
O0043,C017,P001,8,2024-04-03,Shipped
O0044,C025,P999,3,2024-03-29,Delivered
O0045,C020,P012,2,2024-10-11,Delivered
O0046,C022,P009,8,2024-02-24,Cancelled
O0047,C002,P004,4,2024-05-21,Delivered
O0048,C004,P009,8,2024-10-14,Delivered
O0049,C003,P008,6,2024-11-09,Returned
O0050,C020,P009,4,2024-05-21,Delivered
O0051,C018,P013,,2024-09-16,Returned
O0052,C023,P009,5,2024-10-13,Cancelled
O0053,C007,P014,8,2024-03-11,Delivered
O0054,C013,P008,6,2024-02-07,Shipped
O0055,C014,P002,4,2024-06-04,Processing
O0056,C025,P003,6,2024-03-14,Delivered
O0057,C005,P008,4,2024-02-18,Delivered
O0058,C016,P003,4,2024-03-23,Processing
O0059,C017,P007,6,2024-08-03,Delivered
O0060,C011,P002,6,2024-01-10,Delivered
O0061,C015,P008,1,2024-07-15,Delivered
O0062,C020,P005,2,2024-02-27,Returned
O0063,C008,P015,2,2024-02-13,Delivered
O0064,C002,P015,3,2024-05-18,Processing
O0065,C014,P014,5,2024-07-26,Delivered
O0066,C017,P010,8,2024-06-16,Delivered
O0067,C002,P013,,2024-08-05,Cancelled
O0068,C009,P001,2,2024-05-13,Delivered
O0069,C008,P002,5,2024-03-03,Delivered
O0070,C011,P009,7,2024-05-17,Shipped
O0071,C002,P009,4,2024-02-26,Returned
O0072,C009,P001,3,2024-04-13,Returned
O0073,C021,P005,4,2024-05-28,Delivered
O0074,C022,P003,5,2024-06-26,Processing
O0075,C009,P001,1,2024-01-10,Processing
O0076,C018,P004,8,2024-05-05,Returned
O0077,C004,P011,7,2024-09-10,Delivered
O0078,C013,P009,5,2024-04-20,Returned
O0079,C011,P004,3,2024-07-26,Returned
O0080,C002,P014,3,2024-01-08,Delivered
O0006,C014,P009,6,2024-11-08,Shipped
