transaction_id,customer_id,product,amount,transaction_date,status
T0001,C013,Chair,113.29,2024-08-21,Refunded
T0002,C011,Keyboard,988.33,2024-04-11,Cancelled
T0003,C015,Monitor,408.35,2024-03-04,Pending
T0004,C018,Chair,1124.32,2024-04-19,Cancelled
T0005,C013,Desk,340.69,2024-02-05,Completed
T0006,C003,Laptop,1293.74,2024-02-09,Completed
T0007,C014,Webcam,109.34,2024-04-07,Completed
T0008,C015,Printer,388.35,2024-05-21,Cancelled
T0009,C001,Phone,1027.34,2024-05-17,Pending
T0010,C011,Phone,450.85,2024-02-10,Completed
T0011,C009,Printer,1146.51,2024-05-09,Cancelled
T0012,C010,Printer,,2024-02-09,Completed
T0013,C006,Printer,1430.95,2024-08-24,Completed
T0014,C001,Webcam,496.37,2024-01-05,Completed
T0015,C012,Chair,370.59,2024-03-02,Cancelled
T0016,C003,Phone,1101.88,2024-07-27,Completed
T0017,C018,Monitor,205.66,2024-05-01,Refunded
T0018,C006,Chair,798.6,2024-06-04,Completed
T0019,C007,Printer,1136.57,2024-06-25,Completed
T0020,C010,Headphones,1492.8,2024-06-15,Completed
T0021,C017,Tablet,194.69,2024-02-27,Completed
T0022,C001,Webcam,837.57,2024-05-30,Completed
T0023,C003,Laptop,354.98,2024-08-19,Completed
T0024,C011,Phone,778.52,2024-03-12,Completed
T0025,C007,Printer,211.48,2024-08-27,Cancelled
T0026,C019,Tablet,375.85,2024-05-01,Pending
T0027,C007,Phone,158.94,2024-04-20,Completed
T0028,C014,Tablet,1297.8,2024-01-14,Completed
T0029,C004,Laptop,612.89,2024-03-27,Pending
T0030,C004,Keyboard,299.51,2024-05-17,Completed
T0031,C014,Monitor,428.64,2024-03-04,Cancelled
T0032,C003,Tablet,1214.91,2024-08-07,Completed
T0033,C002,Printer,,2024-01-24,Refunded
T0034,C008,Monitor,618.52,2024-05-03,Completed
T0035,C013,Laptop,259.49,2024-01-01,Refunded
T0036,C009,Tablet,438.6,2024-06-27,Refunded
T0037,C018,Tablet,244.87,2024-03-16,Completed
T0038,C002,Webcam,1107.57,2024-01-16,Pending
T0039,C002,Laptop,882.5,2024-05-08,Cancelled
T0040,C017,Monitor,99.47,2024-05-10,Completed
T0041,C006,Phone,898.63,2024-06-21,Cancelled
T0042,C013,Phone,1413.27,2024-05-25,Completed
T0043,C020,Laptop,934.78,2024-04-17,Completed
T0044,C019,Printer,484.81,2024-03-07,Completed
T0045,C011,Keyboard,409.44,2024-02-03,Completed
T0046,C010,Tablet,484.52,2024-07-11,Refunded
T0047,C001,Tablet,,2024-05-24,Refunded
T0048,C003,Printer,331.53,2024-03-08,Completed
T0049,C012,Phone,1320.72,2024-04-04,Completed
T0050,C015,Printer,1059.76,2024-06-05,Refunded
T0051,C017,Laptop,1006.78,2024-05-21,Completed
T0052,C004,Monitor,407.73,2024-08-15,Completed
T0053,C018,Monitor,419.44,2024-06-03,Completed
T0054,C011,Keyboard,1035.93,2024-08-06,Completed
T0055,C016,Chair,1359.42,2024-08-04,Completed
T0056,C014,Chair,80.47,2024-03-26,Pending
T0057,C009,Monitor,1115.73,2024-05-21,Pending
T0058,C018,Laptop,181.13,2024-08-14,Completed
T0059,C005,Printer,68.5,2024-04-04,Completed
T0060,C005,Headphones,204.26,2024-03-19,Completed
